date,symbol,event,detail,price,stop,rs,logged_at
2026-10-01,ADOR,EXIT,trend,1570.4,,85,2026-10-05T02:38Z
2026-10-01,BALRAMCHIN,EXIT,trend,649.05,,76,2026-10-05T02:38Z
2026-10-01,BEPL,EXIT,trend,123.76,,77,2026-10-05T02:38Z
2026-10-01,CHENNPETRO,EXIT,trend,1346.4,,84,2026-10-05T02:38Z
2026-10-01,GUFICBIO,EXIT,stop,403.32,,70,2026-10-05T02:38Z
2026-10-01,NAVINFLUOR,EXIT,trend,8136.5,,79,2026-10-05T02:38Z
2026-10-01,PFOCUS,EXIT,trend,301.55,,74,2026-10-05T02:38Z
2026-10-01,RISHABH,EXIT,trend,698.8,,88,2026-10-05T02:38Z
2026-10-01,SEAMECLTD,EXIT,trend,1594.7,,79,2026-10-05T02:38Z
2026-10-01,TALBROAUTO,EXIT,trend,419.7,,80,2026-10-05T02:38Z
2026-10-01,UNIPARTS,EXIT,trend,819.3,,90,2026-10-05T02:38Z
2026-10-01,VISHNU,EXIT,stop,642.51,,69,2026-10-05T02:38Z
2026-10-01,VOLTAMP,EXIT,trend,10426.0,,72,2026-10-05T02:38Z
2026-10-01,ABBOTINDIA,SELL,trend breakdown,26840.0,,44,2026-10-05T02:38Z
2026-10-01,ESABINDIA,SELL,trend breakdown,5500.5,,46,2026-10-05T02:38Z
2026-10-01,EUROPRATIK,SELL,trend breakdown,190.42,,4,2026-10-05T02:38Z
2026-10-01,HARIOMPIPE,SELL,trend breakdown,332.35,,28,2026-10-05T02:38Z
2026-10-01,JINDALSTEL,SELL,trend breakdown,1100.5,,51,2026-10-05T02:38Z
2026-10-01,KSB,SELL,trend breakdown,806.45,,39,2026-10-05T02:38Z
2026-10-01,MAXHEALTH,SELL,trend breakdown,940.95,,22,2026-10-05T02:38Z
2026-10-01,PATANJALI,SELL,trend breakdown,355.15,,6,2026-10-05T02:38Z
2026-10-01,SAKSOFT,SELL,trend breakdown,139.33,,17,2026-10-05T02:38Z
2026-10-01,SOUTHWEST,SELL,trend breakdown,181.7,,37,2026-10-05T02:38Z
2026-10-01,VAIBHAVGBL,SELL,trend breakdown,203.53,,32,2026-10-05T02:38Z
